1,阿寒国際ツルセンター グルス,アカンコクサイツルセンター グルス,あかんこくさいつるせんたー ぐるす,1,1,1,北海道釧路市阿寒町上阿寒23線40,https://aiccgrus.wixsite.com/aiccgrus,43.14336524,144.1490158,約2種,,"タンチョウ,マナヅル",給餌が行われる冬期間(11~3月)は、間近で野生のタンチョウを観察できる。
2,旭山市 旭山動物園,アサヒヤマシ アサヒヤマドウブツエン,あさひやまし あさひやまどうぶつえん,1,1,1,北海道旭川市東旭川町倉沼,http://www.city.asahikawa.hokkaido.jp/asahiyamazoo/,43.76851214,142.4801024,約110種650点,,"ホッキョクグマ,アミメキリン,シンリンオオカミ,ボルネオオラウータン…","動物の生態を引き出す放飼場,各飼育係が作成している解説看板が魅力的。"
3,えこりん村 みどりの牧場,エコリンムラ ミドリノボクジョウ,えこりんむら みどりのぼくじょう,1,1,1,北海道恵庭市牧場277-4,http://www.ecorinvillage.com/,42.87198521,141.5470565,"約6種1,000頭",,"アルパカ,ラマ,ミニチュアホース,ヒツジ…","動物とのふれあいを楽しめる牧場に加えて、キャンプ場,バラ畑などがある。世界一大きなトマトの木(2013年認定)がある。"
4,おびひろ動物園,オビヒロドウブツエン,おびひろどうぶつえん,1,1,1,北海道帯広市緑ヶ丘2,https://www.city.obihiro.hokkaido.jp/zoo/,42.90130709,143.1847858,約67種337点,,"エゾタヌキ,キタキツネ,アミメキリン,ゴマフアザラシ…",北海道十勝の自然や気候を生かした動物展示。小動物や家畜動物とのふれあいによる学習機会を提供している。
5,北きつね牧場,キタキツネボクジョウ,きたきつねぼくじょう,1,1,1,北海道北見市留辺蘂町花丘52-1,https://kitakitsune-farm.com/,43.75591505,143.4978132,約2種50頭,,"エゾタヌキ,キタキツネ",放し飼いエリアにエゾタヌキとキタキツネが一緒に生活している。エリア内で間近に観察ができる。
6,釧路市動物園,クシロシドウブツエン,くしろしどうぶつえん,1,1,1,北海道釧路市阿寒町下仁々志別11,https://www.city.kushiro.lg.jp/zoo/,43.08131856,144.2365224,約54種334点,,"レッサーパンダ,エゾモモンガ,エゾクロテン,チンパンジー…","ライオン,アムールトラ,アミメキリンなどの大型動物や、北海道の地域動物まで幅広い動物を飼育している。"
7,札幌市 円山動物園,サッポロシ マルヤマドウブツエン,さっぽろし まるやまどうぶつえん,1,1,1,北海道札幌市中央区宮ケ丘3-1,https://www.city.sapporo.jp/zoo/,43.05151509,141.307803,約170種900点,,"アジアゾウ,オオワシ,エゾヒグマ,ネザーランドドワーフ…",北海道最大規模の動物園。札幌に近い立地だが、広い公園に囲まれ自然が豊かである。
8,サホロリゾート ベア・マウンテン,サホロリゾート ベア・マウンテン,さほろりぞーと べあ・まうんてん,1,1,1,北海道上川郡新得町新内西6線158,https://bear-mt.jp/,43.17815487,142.8077519,約1種20頭,,ヒグマ,1日10回以上運行しているベアウォッチングバスが人気。ガラス張りの施設で観察できるヒグマは圧巻の迫力。
9,昭和新山熊牧場,ショウワシンザンクマボクジョウ,しょうわしんざんくまぼくじょう,1,1,1,北海道有珠郡壮瞥町昭和新山183,https://kumakuma.co.jp/,42.53880951,140.8612505,約2種100頭,,"ツキノワグマ,アライグマ",日本一のツキノワグマ飼育数を誇る。こぐまの展示にも力を入れている。
10,のぼりべつクマ牧場,ノボリベツクマボクジョウ,のぼりべつくまぼくじょう,1,1,1,北海道登別市登別温泉町224,https://bearpark.jp/,42.49286221,141.144534,約6種70頭,,"ヒグマ,エゾヒグマ,ツキノワグマ,アヒル…",四方嶺山頂の施設なので唯一の交通手段であるゴンドラリフトを利用する。日本一丸い湖と言われる[倶多楽湖(くったらこ)]に程近い。
11,ノーザンホースパーク,ノーザンホースパーク,のーざんほーすぱーく,1,1,1,北海道苫小牧市美沢114-7,https://www.northern-horsepark.jp/,42.77871243,141.7391008,約12種80頭,,"引退競走馬,馬,ポニー",馬の魅力を身近に感じることができる。引退した競走馬に会える稀有な施設。
12,ノースサファリサッポロ,ノースサファリサッポロ,のーすさふぁりさっぽろ,1,1,1,北海道札幌市南区豊滝469-1,https://www.north-safari.com/,42.94700604,141.2231334,約138種500点,,"ライオン,プチハイエナ,グラントシマウマ,オオカンガルー…",[体験型テーマパーク]というコンセプトで動物とのふれあいに力を入れている。動物の側で宿泊ができるアニマルグランピングが人気。
13,ビバアルパカ牧場,ビバアルパカボクジョウ,びばあるぱかぼくじょう,1,1,1,北海道上川郡剣淵町東町3733,http://www.viva-alpaca.jp/,44.1037637,142.3966781,約1種10頭,,アルパカ,"小規模な施設だが、アルパカへの愛情が満ち溢れた施設。お土産コーナーにはアルパカ原毛を使用したマフラー,手袋などが販売されている。"
14,稚内市動物ふれあいランド,ワッカナイシドウブツフレアイランド,わっかないしどうぶつふれあいらんど,1,1,1,北海道稚内市声問村恵北,https://w-shinko.co.jp/animalland/,45.39366596,141.8015625,約10種,,"ヤギ,ポニー,山羊,モルモット…",小規模な施設だが、かつて映画やテレビドラマで活躍した犬が暮らす[スター犬の里]がある。
15,おたる水族館,オタルスイゾクカン,おたるすいぞくかん,2,1,1,北海道小樽市祝津3-303,https://otaru-aq.jp/,43.23693694,141.0119152,"約250種5,000点",,"ゴマフアザラシ,バンドウイルカ,セイウチ,トド…","日本一のアザラシ飼育数を誇る。4種類のアザラシ(ゴマフ,ゼニガタ,ワモン,アゴヒゲ)、他様々な海獣類が飼育されている。"
16,おんねゆ温泉 北の大地の水族館 山の水族館,オンネユオンセン キタノダイチノスイゾクカン ヤマノスイゾクカン,おんねゆおんせん きたのだいちのすいぞくかん やまのすいぞくかん,2,1,1,北海道北見市留辺蘂町松山1-4,https://onneyu-aq.com/,43.75475663,143.5008908,"約50種3,000点",,"イトウ,ピラルク,ヒメマス,ドクターフィッシュ…","日本最大の淡水魚イトウ(1m級)を多数展示している。[滝つぼ水槽],[冬に凍りつく水槽]などの珍しい展示方法を取り入れている。"
17,サンピアザ水族館,サンピアザスイゾクカン,さんぴあざすいぞくかん,2,1,1,北海道札幌市厚別区厚別中央2-5-7-5,http://www.sunpiazza-aquarium.com/,43.0368525,141.4717208,"約200種10,000点",,"ゴマフアザラシ,コツメカワウソ,クリオネ,ニシキアナゴ…","多くの海水魚,淡水魚を飼育している。日曜日,祝日は人気イベント[マリンガールの餌付けショー]が実施される。"
18,サケのふるさと 千歳水族館,サケノフルサト チトセスイゾクカン,さけのふるさと ちとせすいぞくかん,2,1,1,北海道千歳市花園2-312,https://chitose-aq.jp/,42.83278846,141.6591751,"約100種7,000点",,"カラフトマス,チョウザメ,エゾサンショウウオ,ニシキゴイ…",北海道最大の淡水大水槽(深さ5m)には、サクラマスやギンザケなどのサケの仲間が共存している。
19,標津サーモン科学館,シベツサーモンカガクカン,しべつさーもんかがくかん,2,1,1,北海道標津郡標津町北1条西6-1-1,http://s-salmon.com/,43.65973092,145.1158678,約30種,,"シロザケ,サクラマス,カレイ,チョウザメ…",日本一のサケ科魚類の飼育数を誇る。サケの研究機関として体験学習にも注力している。
20,市立室蘭水族館,シリツムロランスイゾクカン,しりつむろらんすいぞくかん,2,1,1,北海道室蘭市祝津町3-3-12,http://iburi.net/murosui/,42.33951001,140.9438444,約150種10.000点,,"ゴマフアザラシ,ゼニガタアザラシ,トド,フンボルトペンギン…",北海道最古の水族館(1953年開館)。毎日2回[ペンギンの行進]というイベントを実施している。
21,登別マリンパークニクス 二クス城,ノボリベツマリンパークニクス ニクスジョウ,のぼりべつまりんぱーくにくす にくすじょう,2,1,1,北海道登別市登別東町1-22,https://www.nixe.co.jp/,42.45505539,141.1821327,"約400種20,000点",,"バンドウイルカ,カマイルカ,ミナミアメリカオットセイ,キングペンギン…","お城を模した建物が水族館となっている。円柱型水槽の[クリスタルタワー],水温が異なる2つの水槽を合わせた[アクアトンネル]は迫力満点。"
22,美深チョウザメ館,ビフカチョウザメカン,びふかちょうざめかん,2,1,1,北海道中川郡美深町紋穂内,https://www.bifuka-kankou.com/,44.55721381,142.3244675,"約6種1,200点",,"オオチョウザメ,シベリアチョウザメ,ロシアチョウザメ,シロチョウザメ...",森林公園内にあるチョウザメにテーマにした水族館。チョウザメから採れるキャビアは美深町の名物。
23,紋別市 オホーツクとっかりセンター,モンベツシ オホーツクトッカリセンター,もんべつし おほーつくとっかりせんたー,2,1,1,北海道紋別市海洋公園2,https://mombetsu.jp/sisetu/other/goma/,44.33394894,143.3731995,約2種20点,,"ゴマフアザラシ,ワモンアザラシ",日本で唯一のアザラシのみを飼育している施設。[アザラシへの餌やり体験]が魅力的。
24,わっかりうむ ノシャップ寒流水族館,ワッカリウム ノシャップカンリュウスイゾクカン,わっかりうむ のしゃっぷかんりゅうすいぞくかん,2,1,1,北海道稚内市ノシャップ2-2-17,https://www.city.wakkanai.hokkaido.jp/suizokukan/,45.44928212,141.6449164,"約100種1,500点",,"ゴマフアザラシ,ワモンアザラシ,フンボルトペンギン,カクレクマノミ…",来場者を囲い込むような[回遊水槽(水量90t)]で様々な魚群が観察できる。アザラシと間近に触れ合えるイベントも多数。
25,弘前市 弥生いこいの広場,ヒロサキシ ヤヨイイコイノヒロバ,ひろさきし やよいいこいのひろば,1,1,2,青森県弘前市大字百沢字東岩木山2480-1,http://www.hirosakipark.or.jp/yayoi/,40.65338062,140.3567667,約50種200点,,"ペンギン,チンチラ,アライグマ,ワラビー…","日本の野生動物を中心とした施設。オートキャンプ場,ピクニック広場も併設されている。"
26,青森県営 浅虫水族館,アオモリケンエイ アサムシスイゾクカン,あおもりけんえい あさむしすいぞくかん,2,1,2,青森県青森市浅虫字馬場山1-25,http://asamushi-aqua.com/,40.89750207,140.8627774,"約300種10,000点",,"カマイルカ,ゼニガタアザラシ,フンボルトペンギン,スケトウダラ…",青森ならではの津軽三味線や笛の音色に合わせたイルカショーがイチオシ。トンネル水槽では[むつ湾の海]を再現している。
27,八戸市水産科学館 マリエント,ハチノヘシスイサンカガクカン マリエント,はちのへしすいさんかがくかん まりえんと,2,1,2,青森県八戸市大字鮫町字下松苗場14-33,http://www.marient.org/,40.53970345,141.5627647,約50種,,"アオウミガメ,イシダイ,スルメイカ,デンキウナギ…",水産都市である八戸市の強みを生かした[海の魅力]を伝える水族館。八戸港と太平洋を一望できる展望レストランがある。
28,岩手サファリパーク,イワテサファリパーク,いわてさふぁりぱーく,1,1,3,岩手県一関市藤沢町黄海字山谷121-2,https://www.iwate-safari.jp/,38.81000009,141.2589575,約60種600点,,"ライオン,アミメキリン,アジアゾウ,アメリカバイソン…",広い草原エリアに多くの動物が暮らしている。サファリバスやマイカーから動物の生態を観察できる。
29,盛岡市動物公園,モリオカシドウブツコウエン,もりおかしどうぶつこうえん,1,1,3,岩手県盛岡市新庄字下八木田60-18,http://moriokazoo.org/,39.6971443,141.1911665,約70種類350点,,"アフリカゾウ,ライオン,イヌワシ,キタキツネ…",大型動物や日本の野生動物まで幅広い生物を展示している。大型動物への給餌体験が人気。
30,岩手県立 水産科学館,イワテケンリツ スイサンカガクカン,いわてけんりつ すいさんかがくかん,2,1,3,岩手県宮古市日立浜町32-28,https://www.city.miyako.iwate.jp/suisan/suisan_kagakukan.html,39.64838636,141.9760611,約20種,,"サケ,アワビ,ウニ,ホタテ…",日本でも珍しい水産専門の科学館。三陸域に生息している魚介類を数多く飼育している。
31,久慈の海の水族館 もぐらんぴあ水族館,クジノウミノスイゾクカン モグランピアスイゾクカン,くじのうみのすいぞくかん もぐらんぴあすいぞくかん,2,1,3,岩手県久慈市侍浜町麦生1-43-7,http://www.moguranpia.com/,40.2212848,141.8157285,約30種,,"フサギンポ,エゾイソアイナメ,オオカミウオ,ベニクラゲ…","三陸域に生息する魚介類を中心とした水族館。土,日,祝日には人気イベント[南部もぐり],[海女素潜り]が実演される。"
32,仙台市 八木山動物公園,センダイシ ヤギヤマドウブツコウエン,せんだいし やぎやまどうぶつこうえん,1,1,4,宮城県仙台市太白区八木山本町1-43,http://www.city.sendai.jp/zoo/,38.24555939,140.8463837,約130種570点,,"スマトラトラ,レッサーパンダ,ヒガシクロサイ,ホンドタヌキ…","トラやサイなどの希少動物の展示、毎日開催の[えさやり体験],[ふれあい体験]が人気の動物園。"
33,宮城蔵王キツネ村,ミヤギザオウキツネムラ,みやぎざおうきつねむら,1,1,4,宮城県白石市福岡八宮字川原子11-3,http://zao-fox-village.com/,38.04091729,140.5304059,約6種100頭,,"キタキツネ,ホンドギツネ,ギンギツネ,ホッキョクギツネ…",約100匹のキツネが放し飼いになっている施設。キツネの生態を身近に観察することができる。
34,アクアテラス錦ケ丘,アクアテラスニシキガオカ,あくあてらすにしきがおか,2,1,4,宮城県仙台市青葉区錦ケ丘1-3-1,https://aquaterrace.co.jp/,38.25734647,140.7642641,約200種,,"クロネズミヘビ,ケヅメリクガメ,メンフクロウ,ピラルク…","大型魚類,爬虫類,小動物など約200種の生物を飼育している。照明とディスプレイで水槽を色付け、幻想的な空間をつくっている。"
35,気仙沼 海の市 氷の水族館/シャークミュージアム,ケセンヌマ ウミノイチ コオリノスイゾクカン/シャークミュージアム,けせんぬま うみのいち こおりのすいぞくかん/しゃーくみゅーじあむ,2,1,4,宮城県気仙沼市魚市場前7-13,http://www.uminoichi.com/index.html,38.9002998,141.5792485,約80種450点,,"カツオ,マグロ,マダコ,マンボウ…(すべて凍結展示)",施設内部の気温は-20度になっており防寒具を着用して入場する。気仙沼の製氷技術で凍結させた氷の中に多数の魚が展示されている。
36,仙台うみの杜水族館,センダイウミノモリスイゾクカン,せんだいうみのもりすいぞくかん,2,1,4,宮城県仙台市宮城野区中野4-6,http://www.uminomori.jp/umino/,38.27123873,140.9806894,"約50種30,000点",,"オウサマペンギン,バイカルアザラシ,マンボウ,イロワケイルカ...","2015年オープンの新しい水族館。三陸の魚介類を中心としたエリアや世界の海獣,深海生物などの展示エリア。幅広い生物に出会うことができる。"
37,秋田市 大森山動物園,アキタシ オオモリヤマドウブツエン,あきたし おおもりやまどうぶつえん,1,1,5,秋田県秋田市浜田字潟端154,https://www.city.akita.lg.jp/zoo/,39.67176466,140.075586,約90種600点,,",,,…",あ
38,北秋田市 くまくま園,キタアキタシ クマクマエン,きたあきたし くまくまえん,1,1,5,秋田県北秋田市阿仁打当字陳場1-39,http://hahaha.akita.jp/wp/kumakuma/,39.91393723,140.5365158,約2種60頭,,"ツキノワグマ,ヒグマ",あ
39,男鹿水族館 GAO,オガスイゾクカン ガオ,おがすいぞくかん がお,2,1,5,秋田県男鹿市戸賀塩浜壷ケ沢93,https://www.gao-aqua.jp/,39.94226158,139.7045573,"約400種10,000点",,",,,…",あ
40,河北町 児童動物園,カホクチョウ ジドウドウブツエン,かほくちょう じどうどうぶつえん,1,1,6,山形県西村山郡河北町谷地戊81,https://www.town.kahoku.yamagata.jp/,38.42666015,140.3140976,約30種150点,,",,,…",あ
41,鶴岡市立 加茂水族館,ツルオカシリツ カモスイゾクカン,つるおかしりつ かもすいぞくかん,2,1,6,山形県鶴岡市今泉字大久保657-1,http://kamo-kurage.jp/,38.76168352,139.7246782,約200種,,",,,…",あ
42,のんびり温泉 イワナの里 アルパカ牧場,ノンビリオンセン イワナノサト アルパカボクジョウ,のんびりおんせん いわなのさと あるぱかぼくじょう,1,1,7,福島県郡山市三穂田町富岡字武士沢28-1,https://www.nonbiri-onsen.com/iwana/,37.36305323,140.2438213,約3種50頭,,",,,…",あ
43,野生の王国 東北サファリパーク,ヤセイノオウコク トウホクサファリパーク,やせいのおうこく とうほくさふぁりぱーく,1,1,7,福島県二本松市沢松倉1,http://tohoku-safaripark.co.jp/,37.63901184,140.366126,"約200種1,100点",,",,,…",あ
44,アクアマリンいなわしろ カワセミ水族館,アクアマリンイナワシロ カワセミスイゾクカン,あくあまりんいなわしろ かわせみすいぞくかん,2,1,7,福島県耶麻郡猪苗代町大字長田字東中丸3447-4,https://www.aquamarine.or.jp/kawasemi/,37.56145084,140.0745792,"約170種4,000点",,",,,…",あ
45,アクアマリンふくしま,アクアマリンフクシマ,あくあまりんふくしま,2,1,7,福島県いわき市小名浜字辰巳町50,https://www.aquamarine.or.jp/,36.94285182,140.9014955,"約770種97,508点",,",,,…",あ
46,ダチョウ王国 石岡ファーム,ダチョウオウコク イシオカファーム,だちょうおうこく いしおかふぁーむ,1,2,8,茨城県石岡市半の木14052,https://dacho.co.jp/,36.24119582,140.2637821,約80種,,",,,…",あ
47,つくば わんわんランド,ツクバ ワンワンランド,つくば わんわんらんど,1,2,8,茨城県つくば市大字沼田579,https://wanwan-land.co.jp/,36.20370249,140.0752137,約90種500頭,,",,,…",あ
48,東筑波ユートピア,ヒガシツクバユートピア,ひがしつくばゆーとぴあ,1,2,8,茨城県石岡市吉生2729-1,https://h-yuutopia.com/,36.24490443,140.1493305,約30種,,",,,…",あ
49,日立市 かみね動物園,ヒタチシ カミネドウブツエン,ひたちし かみねどうぶつえん,1,2,8,茨城県日立市宮田町5-2-22,https://www.city.hitachi.lg.jp/zoo/,36.60674119,140.6581851,約100種540点,,",,,…",あ
50,アクアワールド 茨城県大洗水族館,アクアワールド イバラキケンオオアライスイゾクカン,あくあわーるど いばらきけんおおあらいすいぞくかん,2,2,8,茨城県東茨城郡大洗町磯浜町8252-3,https://www.aquaworld-oarai.com/,36.33335691,140.5939301,"約704種34,080点",,",,,…",あ
51,宇都宮動物園,ウツノミヤドウブツエン,うつのみやどうぶつえん,1,2,9,栃木県宇都宮市上金井町552-2,https://utsunomiya-zoo.com/,36.63308742,139.8546275,約90種350点,,",,,…",あ
52,那須アルパカ牧場,ナスアルパカボクジョウ,なすあるぱかぼくじょう,1,2,9,栃木県那須郡那須町大字大島1389-2,https://nasubigfarm.com/,37.12275775,140.0551884,約1種300頭,,アルパカ,あ
53,那須高原 りんどう湖ファミリー牧場,ナスコウゲン リンドウコファミリーボクジョウ,なすこうげん りんどうこふぁみりーぼくじょう,1,2,9,栃木県那須郡那須町高久丙414-2,https://www.rindo.co.jp/,37.04358389,140.0472157,約8種200頭,,",,,…",あ
54,那須サファリパーク,ナスサファリパーク,なすさふぁりぱーく,1,2,9,栃木県那須郡那須町高久乙3523,https://www.nasusafari.com/,37.05929589,140.0062376,約70種700点,,",,,…",あ
55,那須どうぶつ王国,ナスドウブツオウコク,なすどうぶつおうこく,1,2,9,栃木県那須郡那須町大島1042-1,http://www.nasu-oukoku.com/,37.12910858,140.0371304,約150種500点,,",,,…",あ
56,那須ワールドモンキーパーク,ナスワールドモンキーパーク,なすわーるどもんきーぱーく,1,2,9,栃木県那須郡那須町高久甲6146,https://www.nasumonkey.com/,37.03542469,140.0482305,約50種400点,,",,,…",あ
57,栃木県なかがわ水遊園,トチギケンナカガワスイユウエン,とちぎけんなかがわすいゆうえん,2,2,9,栃木県大田原市佐良土2686,https://tnap.jp/,36.79064099,140.1286418,"約320種12,502点",,",,,…",あ
58,伊香保グリーン牧場,イカホグリーンボクジョウ,いかほぐりーんぼくじょう,1,2,10,群馬県渋川市金井2844-1,https://www.greenbokujo.jp/,36.4998696,138.9455539,約6種400頭,,",,,…",あ
59,桐生が岡動物園,キリュウガオカドウブツエン,きりゅうがおかどうぶつえん,1,2,10,群馬県桐生市宮本町3-8-13,https://www.city.kiryu.lg.jp/zoo/,36.42111141,139.3403131,約140種700点,,",,,…",あ
60,草津熱帯圏 トロピカルワンダーランド,クサツネッタイケン トロピカルワンダーランド,くさつねったいけん とろぴかるわんだーらんど,1,2,10,群馬県吾妻郡草津町草津286,http://nettaiken.com/,36.6225782,138.6034484,"約150種1,000点",,",,,…",あ
61,ジャパン・スネークセンター,ジャパン・スネークセンター,じゃぱん・すねーくせんたー,1,2,10,群馬県太田市藪塚町3318,https://www.snake-center.com/,36.36238542,139.3222212,"約40種1,700点",,",,,…",あ
62,世界の名犬牧場,セカイノメイケンボクジョウ,せかいのめいけんぼくじょう,1,2,10,群馬県前橋市富士見町石井2252-1,https://www.meiken-bokujou.com/,36.46983938,139.0871895,約70種300頭,,",,,…",あ
63,野生の王国 群馬サファリパーク,ヤセイノオウコク グンマサファリパーク,やせいのおうこく ぐんまさふぁりぱーく,1,2,10,群馬県富岡市岡本1,https://www.safari.co.jp/,36.22575627,138.8852406,"約100種1,000点",,",,,…",あ
64,大崎公園 子供動物園,オオサキコウエン コドモドウブツエン,おおさきこうえん こどもどうぶつえん,1,2,11,埼玉県さいたま市南区別所4-12-10,https://www.sgp.or.jp/osaki,35.85530742,139.6402842,約45種,,",,,…",あ
65,大宮公園 小動物園,オオミヤコウエン ショウドウブツエン,おおみやこうえん しょうどうぶつえん,1,2,11,埼玉県さいたま市大宮区高鼻町4,http://www.parks.or.jp/omiyazoo/,35.91860127,139.6322114,約60種300点,,",,,…",あ
66,埼玉県 こども動物自然公園,サイタマケン コドモドウブツシゼンコウエン,さいたまけん こどもどうぶつしぜんこうえん,1,2,11,埼玉県東松山市岩殿554,http://www.parks.or.jp/sczoo/,36.00059522,139.3742793,"約200種1,600点",,",,,…",あ
67,埼玉県秩父高原牧場,サイタマケンチチブコウゲンボクジョウ,さいたまけんちちぶこうげんぼくじょう,1,2,11,埼玉県秩父郡東秩父村大字坂本2951,https://www.pref.saitama.lg.jp/kogen-bokujo/,36.05353352,139.1566061,約5種250点,,",,,…",あ
68,狭山市立 智光山公園 こども動物園,サヤマシリツ チコウザンコウエン コドモドウブツエン,さやましりつ ちこうざんこうえん こどもどうぶつえん,1,2,11,埼玉県狭山市柏原864-1,http://www.parks.or.jp/chikozan/,35.88058003,139.3935164,約90種400点,,",,,…",あ
69,東武動物公園,トウブドウブツコウエン,とうぶどうぶつこうえん,1,2,11,埼玉県南埼玉郡宮代町須賀110,http://www.tobuzoo.com/zoo/,36.01997746,139.7199212,"約120種1,200点",,",,,…",あ
70,宝登山 小動物公園,ホドサン ショウドウブツコウエン,ほどさん しょうどうぶつこうえん,1,2,11,埼玉県秩父郡長瀞町長瀞2209-6,https://www.chichibu-railway.co.jp/nagatoro/zoo.html,36.09449813,139.0920551,約27種300点,,",,,…",あ
71,さいたま水族館,サイタマスイゾクカン,さいたますいぞくかん,2,2,11,埼玉県羽生市三田ヶ谷751-1,http://www.parks.or.jp/suizokukan/,36.17328717,139.5979413,約70種,,",,,…",あ
72,ANIMAL WONDER REZOURT(市原ぞうの国),アニマル ワンダー リゾウト(イチハラゾウノクニ),あにまる わんだー りぞうと(いちはらぞうのくに),1,2,12,千葉県市原市山小川937,https://zounokuni.com/,35.35481596,140.1823223,約70種400点,,",,,…",あ
73,アロハガーデンたてやま,アロハガーデンタテヤマ,あろはがーでんたてやま,1,2,12,千葉県館山市藤原1497,https://www.aloha-garden-t.com/,34.93955096,139.8228974,約15種,,",,,…",あ
74,市川市動植物園,イチカワシドウショクブツエン,いちかわしどうしょくぶつえん,1,2,12,千葉県市川市大町284,https://www.city.ichikawa.lg.jp/zoo/,35.76430454,139.9659716,約60種500点,,",,,…",あ
75,袖ヶ浦ふれあいどうぶつ縁,ソデガウラフレアイドウブツエン,そでがうらふれあいどうぶつえん,1,2,12,千葉県袖ケ浦市上泉1506-10,https://www.sodegaura-animal.jp/,35.4155639,140.0583546,約10種,,",,,…",あ
76,千葉市動物公園,チバシドウブツコウエン,ちばしどうぶつこうえん,1,2,12,千葉県千葉市若葉区源町280,https://www.city.chiba.jp/zoo/,35.6449619,140.1272951,約122種759点,,",,,…",あ
77,成田ゆめ牧場,ナリタユメボクジョウ,なりたゆめぼくじょう,1,2,12,千葉県成田市名木730ｰ3,https://www.yumebokujo.com/,35.86844048,140.3955838,約16種,,",,,…",あ
78,マザー牧場,マザーボクジョウ,まざーぼくじょう,1,2,12,千葉県富津市田倉940-3,http://www.motherfarm.co.jp/,35.24764612,139.9409922,約16種900点,,",,,…",あ
79,MOFFアニマルワールド,モフアニマルワールド,もふあにまるわーるど,1,2,12,千葉県印西市原1-2,https://moff-world.jp/,35.80246312,140.1635177,約12種,,",,,…",あ
80,鴨川シーワールド,カモガワシーワールド,かもがわしーわーるど,2,2,12,千葉県鴨川市東町1464-18,http://www.kamogawa-seaworld.jp/,35.11590773,140.1203084,"約535種13,094点",,",,,…",あ
81,足立区生物園,アダチクセイブツエン,あだちくせいぶつえん,1,2,13,東京都足立区保木間2-17-1,https://www.seibutuen.jp/,35.79245832,139.8072275,約500種,,",,,…",あ
82,板橋こども動物園,イタバシコドモドウブツエン,いたばしこどもどうぶつえん,1,2,13,東京都板橋区板橋3-50-1,https://www.city.itabashi.tokyo.jp/bousai/kouen/kouen/doubutsuen/,35.75424642,139.7127973,約4種,,",,,…",あ
83,井の頭自然文化園,イノカシラシゼンブンカエン,いのかしらしぜんぶんかえん,1,2,13,東京都武蔵野市御殿山1-17-6,https://www.tokyo-zoo.net/zoo/ino/,35.70071721,139.5716684,"約170種4,000点",,",,,…",あ
84,上野動物園,ウエノドウブツエン,うえのどうぶつえん,1,2,13,東京都台東区上野公園9-83,https://www.tokyo-zoo.net/zoo/ueno/,35.71655811,139.7713245,"約350種2,500点",,",,,…",あ
85,江戸川区自然動物園,エドガワクシゼンドウブツエン,えどがわくしぜんどうぶつえん,1,2,13,東京都江戸川区北葛西3-2-1,https://www.edogawa-kankyozaidan.jp/zoo/,35.67117178,139.8583628,約58種522点,,",,,…",あ
86,江戸川区篠崎ポニーランド,エドガワクシノザキポニーランド,えどがわくしのざきぽにーらんど,1,2,13,東京都江戸川区篠崎町3-12-17,https://www.edogawa-kankyozaidan.jp/pony/shinozaki/,35.70554692,139.9138757,約4種,,"ポニー,馬,ヤギ,ミニブタ",あ
87,江戸川区なぎさポニーランド,エドガワクナギサポニーランド,えどがわくなぎさぽにーらんど,1,2,13,東京都江戸川区南葛西7-3,https://www.edogawa-kankyozaidan.jp/pony/nagisa/,35.6496759,139.881423,約2種,,"ポニー,ヤギ",あ
88,高尾山さる園・野草園,タカオサンサルエン・ヤソウエン,たかおさんさるえん・やそうえん,1,2,13,東京都八王子市高尾町2179,https://takao-monkey-park.jp/,35.62995905,139.2551522,約1種80頭,,ニホンザル,あ
89,多摩動物公園,タマドウブツコウエン,たまどうぶつこうえん,1,2,13,東京都日野市程久保7-1-1,https://www.tokyo-zoo.net/zoo/tama/,35.6496604,139.4022991,"約300種23,000点",,",,,…",あ
90,東京都立大島公園,トウキョウトリツオオシマコウエン,とうきょうとりつおおしまこうえん,1,2,13,東京都大島町元町字オンダシ222-1,https://www.soumu.metro.tokyo.lg.jp/11osima/park/www/htdocs/zoo/,34.75749471,139.3573908,約65種750点,,",,,…",あ
91,羽村市動物公園,ハムラシドウブツコウエン,はむらしどうぶつこうえん,1,2,13,東京都羽村市羽4122,http://www.t-net.ne.jp/~hamura-z/,35.76742688,139.3288039,約90種,,",,,…",あ
92,町田リス園,マチダリスエン,まちだりすえん,1,2,13,東京都町田市薬師台1-733-1,https://www.machida-risuen.com/,35.57814102,139.4496333,約1種200点,,タイワンリス,あ
93,ART AQUARIUM,アート アクアリウム,あーと あくありうむ,2,2,13,東京都中央区日本橋本町1-3-9,https://artaquarium.jp/,35.68584575,139.7761995,約1種,,金魚,あ
94,板橋区立 熱帯環境植物館,イタバシクリツ ネッタイカンキョウショクブツカン,いたばしくりつ ねったいかんきょうしょくぶつかん,2,2,13,東京都板橋区⾼島平8-29-2,https://www.seibu-la.co.jp/nettaikan/,35.79196045,139.6641221,"約150種2,500点",,",,,…",あ
95,葛西臨海水族園,カサイリンカイスイゾクエン,かさいりんかいすいぞくえん,2,2,13,東京都江戸川区臨海町6-2-3,https://www.tokyo-zoo.net/zoo/kasai/,35.64006755,139.8621805,"約995種72,897点",,",,,…",あ
96,サンシャイン水族館,サンシャインスイゾクカン,さんしゃいんすいぞくかん,2,2,13,東京都豊島区東池袋3-1,https://sunshinecity.jp/aquarium/,35.72902587,139.7202038,"約550種23,000点",,",,,…",あ
97,しながわ水族館,シナガワスイゾクカン,しながわすいぞくかん,2,2,13,東京都品川区勝島3-2-1,https://www.aquarium.gr.jp/,35.58852077,139.7374879,"約500種10,000点",,",,,…",あ
98,すみだ水族館,スミダスイゾクカン,すみだすいぞくかん,2,2,13,東京都墨田区押上1-1-2,https://www.sumida-aquarium.com/,35.71027521,139.8108053,"約282種5,951点",,",,,…",あ
99,マクセル アクアパーク品川,マクセル アクアパークシナガワ,まくせる あくあぱーくしながわ,2,2,13,東京都港区高輪4-10-30,http://www.aqua-park.jp/aqua/,35.62785719,139.7350916,"約469種18,942点",,",,,…",あ
100,よみうりランド,ヨミウリランド,よみうりらんど,2,2,13,東京都稲城市矢野口4015-1,https://www.yomiuriland.com/,35.62494639,139.5175787,約2種6頭,,"アシカ,ブタ",あ
101,川崎市 夢見ヶ崎動物公園,カワサキシ ユメミガサキドウブツコウエン,かわさきし ゆめみがさきどうぶつこうえん,1,2,14,神奈川県川崎市幸区南加瀬1-2-1,https://www.city.kawasaki.jp/,35.54934045,139.6656128,約60種300点,,",,,…",あ
102,こどもの国,コドモノクニ,こどものくに,1,2,14,神奈川県横浜市青葉区奈良町700,http://www.kodomonokuni.org/,35.56292512,139.4903712,約16種350頭,,",,,…",あ
103,野毛山動物園,ノゲヤマドウブツエン,のげやまどうぶつえん,1,2,14,神奈川県横浜市西区老松町63-10,http://www.hama-midorinokyokai.or.jp/zoo/nogeyama/,35.44680083,139.6232223,"約93種2,050点",,",,,…",あ
104,横浜自然公園 金沢動物園,ヨコハマシゼンコウエン カナザワドウブツエン,よこはましぜんこうえん かなざわどうぶつえん,1,2,14,神奈川県横浜市金沢区釜利谷東5-15-1,http://www.hama-midorinokyokai.or.jp/zoo/kanazawa/,35.34864256,139.5994298,"約48種1,570点",,",,,…",あ
105,よこはま動物園 ズーラシア,ヨコハマドウブツエン ズーラシア,よこはまどうぶつえん ずーらしあ,1,2,14,神奈川県横浜市旭区上白根町1175-1,http://www.hama-midorinokyokai.or.jp/zoo/zoorasia/,35.49434173,139.5273285,約100種750点,,",,,…",あ
106,相模原ふれあい科学館 アクアリウムさがみはら,サガミハラフレアイカガクカン アクアリウムサガミハラ,さがみはらふれあいかがくかん あくありうむさがみはら,2,2,14,神奈川県相模原市中央区水郷田名1-5-1,https://sagamigawa-fureai.com/,35.54742979,139.3289196,"約70種2,160点",,",,,…",あ
107,新江ノ島水族館,シンエノシマスイゾクカン,しんえのしますいぞくかん,2,2,14,神奈川県藤沢市片瀬海岸2-19-1,https://www.enosui.com/,35.31006048,139.4793924,"約624種37,588点",,",,,…",あ
108,京急 油壺マリンパーク,ケイキュウ アラツボマリンパーク,けいきゅう あらつぼまりんぱーく,2,2,14,神奈川県三浦市三崎町小網代1082,http://www.aburatsubo.co.jp/,35.16145908,139.6126656,"約323種3,446点",,",,,…",あ
109,箱根園水族館,ハコネエンスイゾクカン,はこねえんすいぞくかん,2,2,14,神奈川県足柄下郡箱根町元箱根139,https://www.princehotels.co.jp/amuse/hakone-en/suizokukan/,35.21219933,139.0092747,"450種類32,000点",,",,,…",あ
110,ヨコハマおもしろ水族館,ヨコハマオモシロスイゾクカン,よこはまおもしろすいぞくかん,2,2,14,神奈川県横浜市中区山下町144,http://www.omoshirosuizokukan.com/,35.44295189,139.6445339,"約300種5,000点",,",,,…",あ
111,横浜・八景島 シーパラダイス,ヨコハマ・ハッケイジマ シーパラダイス,よこはま・はっけいじま しーぱらだいす,2,2,14,神奈川県横浜市金沢区八景島,http://www.seaparadise.co.jp/,35.33745757,139.6458625,"約786種130,147点",,",,,…",あ
112,いくとぴあ食花 動物ふれあいセンター,イクトピアショクハナ ドウブツフレアイセンター,いくとぴあしょくはな どうぶつふれあいせんたー,1,3,15,新潟県新潟市中央区清五郎345-1,http://www.ikutopia.com/facilities/doubutsu/,37.88117397,139.0497915,約9種,,",,,…",あ
113,佐渡市 トキの森公園,サドシ トキノモリコウエン,さどし ときのもりこうえん,1,3,15,新潟県佐渡市新穂長畝383-2,https://www.city.sado.niigata.jp/,38.03712475,138.4212946,約3種,,"トキ,クロトキ,ショウジョウトキ",あ
114,上越市立 水族博物館うみがたり,ジョウエツシリツ スイゾクハクブツカンウミガタリ,じょうえつしりつ すいぞくはくぶつかんうみがたり,2,3,15,新潟県上越市五智2-15-15,http://www.umigatari.jp/joetsu/,37.1736261,138.2329324,"約300種45,000点",,",,,…",あ
115,イヨボヤ会館,イヨボヤカイカン,いよぼやかいかん,2,3,15,新潟県村上市塩町13-34,https://www.iyoboya.jp/,38.22778217,139.4715114,約4種,,"サケ(イヨボヤ),ウグイ,アユ,ウキゴリ…",あ
116,寺泊水族博物館,テラドマリスイゾクハクブツカン,てらどまりすいぞくはくぶつかん,2,3,15,新潟県長岡市寺泊花立9353-158,http://www.aquarium-teradomari.jp/,37.63388458,138.76035,"約300種10,000点",,",,,…",あ
117,新潟市水族館 マリンピア日本海,ニイガタシスイゾクカン マリンピアニホンカイ,にいがたしすいぞくかん まりんぴあにほんかい,2,3,15,新潟県新潟市中央区西船見町5932-445,https://www.marinepia.or.jp/,37.92372108,139.0280516,"約600種30,000点",,",,,…",あ
118,くろべ牧場 まきばの風,クロベボクジョウ マキバノカゼ,くろべぼくじょう まきばのかぜ,1,3,16,富山県黒部市宇奈月町栃屋字広谷4,http://www.kurobe-bokujyo.jp/,36.84846581,137.5078708,約6種300頭,,"乳牛,ポニー,ヤギ,ヒツジ…",あ
119,高岡古城公園 動物園,タカオカコジョウコウエン ドウブツエン,たかおかこじょうこうえん どうぶつえん,1,3,16,富山県高岡市古城1-6,https://www.takaokakojyozoo.jp/,36.7477844,137.0225214,約40種135点,,",,,…",あ
120,富山市ファミリーパーク,トヤマシファミリーパーク,とやましふぁみりーぱーく,1,3,16,富山県富山市古沢254,https://www.toyama-familypark.jp/,36.69242008,137.1490263,約106種968点,,",,,…",あ
121,魚津水族館,ウオヅスイゾクカン,うおづすいぞくかん,2,3,16,富山県魚津市三ケ1390,http://www.uozu-aquarium.jp/,36.79840787,137.3881438,"約330種10,000点",,",,,…",あ
122,ほたるいかミュージアム,ホタルイカミュージアム,ほたるいかみゅーじあむ,2,3,16,富山県滑川市中川原410,https://hotaruikamuseum.com/museum,36.7740917,137.3444964,約10種,,"ホタルイカ,トヤマエビ,ダイオウグソクムシ,オオグソクムシ…",あ
123,いしかわ動物園,イシカワドウブツエン,いしかわどうぶつえん,1,3,17,石川県能美市徳山町600,http://www.ishikawazoo.jp/,36.433789,136.54571,"約184種3,831点",,",,,…",あ
124,月うさぎの里,ツキウサギノサト,つきうさぎのさと,1,3,17,石川県加賀市永井町43-41,https://www.tsukiusaginosato.com/,36.29446036,136.2755811,約10種,,",,,…",あ
125,のとじま水族館,ノトジマスイゾクカン,のとじますいぞくかん,2,3,17,石川県七尾市能登島曲町15-40,https://www.notoaqua.jp/,37.14918528,136.9822207,"約500種40,000点",,",,,…",あ
126,鯖江市 西山動物園,サバエシ ニシヤマドウブツエン,さばえし にしやまどうぶつえん,1,3,18,福井県鯖江市桜町3-8-9,https://www.city.sabae.fukui.jp/nishiyama_zoo/,35.95071038,136.1808056,約11種60点,,",,,…",あ
127,福井市 足羽山公園遊園地,フクイシ アスワヤマコウエンユウエンチ,ふくいし あすわやまこうえんゆうえんち,1,3,18,福井県福井市山奥町58-97,https://www.city.fukui.lg.jp/,36.05063453,136.2003974,約60種230点,,",,,…",あ
128,越前がにミュージアム ビックラブ,エチゼンガニミュージアム ビックラブ,えちぜんがにみゅーじあむ びっくらぶ,2,3,18,福井県丹生郡越前町厨71-324-1,https://www.echizenkk.jp/kanimuseum,35.92004471,135.9980547,約10種,,"ズワイガニ,魚介類",あ
129,越前松島水族館,エチゼンマツシマスイゾクカン,えちぜんまつしますいぞくかん,2,3,18,福井県坂井市三国町崎74-2-3,https://www.echizen-aquarium.com/,36.25272694,136.1467677,"約350種7,000点",,",,,…",あ
130,甲府市 遊亀公園附属動物園,コウフシ ユウキコウエンフゾクドウブツエン,こうふし ゆうきこうえんふぞくどうぶつえん,1,3,19,山梨県甲府市太田町10-1,https://www.city.kofu.yamanashi.jp/zoo/,35.65021836,138.5724167,約53種251点,,",,,…",あ
131,山梨市 万力公園 ふれあい動物広場,ヤマナシシ マンリキコウエン フレアイドウブツヒロバ,やまなしし まんりきこうえん ふれあいどうぶつひろば,1,3,19,山梨県山梨市万力1828,https://www.city.yamanashi.yamanashi.jp/,35.6890053,138.6804863,約24種202点,,",,,…",あ
132,山梨県立 富士湧水の里 水族館,ヤマナシケンリツ フジユウスイノサト スイゾクカン,やまなしけんりつ ふじゆうすいのさと すいぞくかん,2,3,19,山梨県南都留郡忍野村忍草3098-1,http://www.morinonakano-suizokukan.com/,35.45561416,138.8240653,"約172種9,785点",,",,,…",あ
133,飯田市立動物園,イイダシリツドウブツエン,いいだしりつどうぶつえん,1,3,20,長野県飯田市扇町33,https://iidazoo.jp/,35.51407838,137.8240621,約53種210点,,",,,…",あ
134,小諸市動物園,コモロシドウブツエン,こもろしどうぶつえん,1,3,20,長野県小諸市丁311,https://www.city.komoro.lg.jp/,36.32660012,138.4191593,約38種163点,,",,,…",あ
135,市立大町山岳博物館,シリツオオマチサンガクハクブツカン,しりつおおまちさんがくはくぶつかん,1,3,20,長野県大町市大町8056-1,https://omachi-sanpaku.com/,36.50526931,137.8705723,約9種,,",,,…",あ
136,地獄谷野猿公苑,ジゴクダニヤエンコウエン,じごくだにやえんこうえん,1,3,20,長野県下高井郡山ノ内町大字平穏6845,https://jigokudani-yaenkoen.co.jp/,36.73273143,138.4621338,約1種,,ニホンザル,あ
137,須坂市動物園,スザカシドウブツエン,すざかしどうぶつえん,1,3,20,長野県須坂市臥竜2-4-8,https://www.city.suzaka.nagano.jp/suzaka_zoo/,36.64212224,138.3112466,約50種260点,,",,,…",あ
138,長野市 城山動物園,ナガノシ ジョウヤマドウブツエン,ながのし じょうやまどうぶつえん,1,3,20,長野県長野市上松2-1-19,https://johyama.com/,36.66521155,138.193622,約60種300点,,",,,…",あ
139,長野市 茶臼山動物園,ナガノシ チャウスヤマドウブツエン,ながのし ちゃうすやまどうぶつえん,1,3,20,長野県長野市篠ノ井有旅570-1,http://www.chausuyama.com/,36.58559878,138.1152089,約80種750点,,",,,…",あ
140,八ヶ岳アルパカ牧場,ヤツガタケアルパカボクジョウ,やつがたけあるぱかぼくじょう,1,3,20,長野県諏訪郡富士見町落合13505-1,https://www.alpaca-farm.net/,35.93039462,138.2353953,約1種,,アルパカ,あ
141,蓼科アミューズメント水族館,タテシナアミューズメントスイゾクカン,たてしなあみゅーずめんとすいぞくかん,2,3,20,長野県茅野市北山4035-2409,https://www.tateshina-aquarium.jp/,36.066598,138.3029413,"約200種3,000点",,",,,…",あ
142,奥飛騨 クマ牧場,オクヒダ クマボクジョウ,おくひだ くまぼくじょう,1,3,21,岐阜県高山市奥飛騨温泉郷一重ヶ根2535-9,https://kumabokujyo.com/,36.21936492,137.5431104,約1種100頭,,ニホンツキノワグマ,あ
143,ぎふ金華山 リス村,ギフキンカザン リスムラ,ぎふきんかざん りすむら,1,3,21,岐阜県岐阜市5番金華山国有林3182,http://www.kinkazan.co.jp/riro.html,35.43209478,136.7800175,約1種50頭,,タイワンリス,あ
144,中津川市 ふれあい牧場,ナカツガワシ フレアイボクジョウ,なかつがわし ふれあいぼくじょう,1,3,21,岐阜県中津川市落合1356-70,http://fureai-farm.com/,35.49643532,137.5620779,約3種300頭,,"ヒツジ,ポニー,ウサギ",あ
145,リスの森 飛騨山野草自然庭園,リスノモリ ヒダサンヤソウシゼンテイエン,りすのもり ひださんやそうしぜんていえん,1,3,21,岐阜県高山市松倉町2351-7,https://www.hidatakayama.or.jp/,36.11652721,137.2215569,約7種100点,,"ニホンリス,タイワンリス,チョウセンリス,エゾリス…",あ
146,世界淡水魚園水族館 アクア・トトぎふ,セカイタンスイギョエンスイゾクカン アクア・トトギフ,せかいたんすいぎょえんすいぞくかん あくあ・ととぎふ,2,3,21,岐阜県各務原市川島笠田町1453,https://aquatotto.com/,35.37178655,136.8104066,"約220種25,000点",,",,,…",あ
147,熱川バナナワニ園,アタミバナナワニエン,あたみばななわにえん,1,3,22,静岡県賀茂郡東伊豆町奈良本1253-10,http://bananawani.jp/,34.81621709,139.0678571,約17種140点,,",,,…",あ
148,伊豆アニマルキングダム,イズアニマルキングダム,いずあにまるきんぐだむ,1,3,22,静岡県賀茂郡東伊豆町稲取3344,http://izu-kamori.jp/izu-biopark/,34.7968297,139.0396301,約70種600点,,",,,…",あ
149,伊豆シャボテン 動物公園,イズシャボテン ドウブツコウエン,いずしゃぼてん どうぶつこうえん,1,3,22,静岡県伊東市富戸1317-13,https://shaboten.co.jp/,34.90729725,139.1011169,約120種,,",,,…",あ
150,体験型動物園 iZoo,タイケンガタドウブツエン イズー,たいけんがたどうぶつえん いずー,1,3,22,静岡県賀茂郡河津町浜406-2,http://izoo.co.jp/,34.7310113,138.9949153,約300種,,",,,…",あ
151,掛川花鳥園,カケガワカチョウエン,かけがわかちょうえん,1,3,22,静岡県掛川市南西郷1517,https://k-hana-tori.com/,34.76123127,138.0150147,約100種500点,,",,,…",あ
152,体験型カエル館 KawaZoo,タイケンガタカエルカン カワズー,たいけんがたかえるかん かわずー,1,3,22,静岡県賀茂郡河津町梨本377-1,http://www.kawazoo.jp/,34.79421173,138.9347769,"約120種2,000点",,",,,…",あ
153,静岡市立 日本平動物園,シズオカシリツ ニホンダイラドウブツエン,しずおかしりつ にほんだいらどうぶつえん,1,3,22,静岡県静岡市駿河区池田1767-6,https://www.nhdzoo.jp/,34.97997502,138.4394444,約160種700点,,",,,…",あ
154,浜松市動物園,ハママツシドウブツエン,はままつしどうぶつえん,1,3,22,静岡県浜松市西区舘山寺町199,https://www.hamazoo.net/,34.76594005,137.6337124,約120種,,",,,…",あ
155,富士サファリパーク,フジサファリパーク,ふじさふぁりぱーく,1,3,22,静岡県裾野市須山字藤原2255-27,https://www.fujisafari.co.jp/,35.2589419,138.8115364,約70種900点,,",,,…",あ
156,三島市立公園 楽寿園,ミシマシリツコウエン ラクジュエン,みしましりつこうえん らくじゅえん,1,3,22,静岡県三島市一番町19-3,http://www.city.mishima.shizuoka.jp/rakujyu/,35.12354747,138.9102761,約16種30点,,",,,…",あ
157,あわしまマリンパーク,アワシママリンパーク,あわしままりんぱーく,2,3,22,静岡県沼津市内浦重寺186,http://www.marinepark.jp/,35.03359072,138.8899957,約70種100点,,",,,…",あ
158,伊豆・三津 シーパラダイス,イズ・ミツ シーパラダイス,いず・みつ しーぱらだいす,2,3,22,静岡県沼津市内浦長浜3-1,http://www.izuhakone.co.jp/seapara/,35.01965174,138.8960283,"約1,200種",,",,,…",あ
159,下田海中水族館,シモダカイチュウスイゾクカン,しもだかいちゅうすいぞくかん,2,3,22,静岡県下田市3-22-31,https://shimoda-aquarium.com/,34.66610518,138.9459451,"約50種4,000点",,",,,…",あ
160,東海大学海洋博物館 海のはくぶつかん,トウカイダイガクカイヨウハクブツカン ウミノハクブツカン,とうかいだいがくかいようはくぶつかん うみのはくぶつかん,2,3,22,静岡県静岡市清水区三保2389,https://www.umi.muse-tokai.jp/,35.01909967,138.5182673,"約400種6,000点",,",,,…",あ
161,沼津港深海水族館 シーラカンス・ミュージアム,ヌマヅコウシンカイスイゾクカン シーラカンス・ミュージアム,ぬまづこうしんかいすいぞくかん しーらかんす・みゅーじあむ,2,3,22,静岡県沼津市千本港町83,http://www.numazu-deepsea.com/,35.08405378,138.858191,"約200種4,000点",,",,,…",あ
162,愛知牧場 どうぶつ広場,アイチボクジョウ ドウブツヒロバ,あいちぼくじょう どうぶつひろば,1,3,23,愛知県日進市米野木町南山977,https://aiboku.com/,35.13019026,137.0880535,約5種300頭,,",,,…",あ
163,IPCわんわん動物園,アイピーシーワンワンドウブツエン,あいぴーしーわんわんどうぶつえん,1,3,23,愛知県岡崎市大平町川田46-1,http://wwzoo.com/,34.93826115,137.1867002,約30種200頭,,",,,…",あ
164,岡崎市 東公園動物園,オカザキシ ヒガシコウエンドウブツエン,おかざきし ひがしこうえんどうぶつえん,1,3,23,愛知県岡崎市欠町字大山田1,https://www.city.okazaki.lg.jp/,34.9554434,137.1940875,約35種300点,,",,,…",あ
165,豊田市 鞍ケ池公園,トヨタシ クラガイケコウエン,とよたし くらがいけこうえん,1,3,23,愛知県豊田市矢並町法沢714-5,https://www.daiwalease.co.jp/open/kuragaike/,35.09899456,137.218331,約40種250点,,",,,…",あ
166,名古屋市 東山動植物園,ナゴヤシ ヒガシヤマドウショクブツエン,なごやし ひがしやまどうしょくぶつえん,1,3,23,愛知県名古屋市千種区東山元町3-70,http://www.higashiyama.city.nagoya.jp/,35.15655903,136.9811374,約500種,,",,,…",あ
167,日本モンキーセンター,ニホンモンキーセンター,にほんもんきーせんたー,1,3,23,愛知県犬山市犬山官林26,http://www.j-monkey.jp/,35.38916175,136.9585236,約60種850点,,",,,…",あ
168,のんほいパーク 豊橋総合動植物園,ノンホイパーク トヨハシソウゴウドウショクブツエン,のんほいぱーく とよはしそうごうどうしょくぶつえん,1,3,23,愛知県豊橋市大岩町字大穴1-238,https://www.nonhoi.jp/,34.72051073,137.4328773,約100種,,",,,…",あ
169,竹島水族館,タケシマスイゾクカン,たけしますいぞくかん,2,3,23,愛知県蒲郡市竹島町1-6,https://www.city.gamagori.lg.jp/site/takesui/,34.81731371,137.2319325,"約500種4,500点",,",,,…",あ
170,名古屋港水族館,ナゴヤコウスイゾクカン,なごやこうすいぞくかん,2,3,23,愛知県名古屋市港区港町1-3,https://nagoyaaqua.jp/,35.09055943,136.8781866,"約668種38,366点",,",,,…",あ
171,碧南海浜水族館,ヘキナンカイヒンスイゾクカン,へきなんかいひんすいぞくかん,2,3,23,愛知県碧南市浜町2-3,http://www.city.hekinan.lg.jp/aquarium/,34.8802381,136.9819792,"約260種3,000点",,",,,…",あ
172,南知多ビーチランド,ミナミチタビーチランド,みなみちたびーちらんど,2,3,23,愛知県知多郡美浜町奥田428-1,https://www.beachland.jp/beach/,34.78837065,136.8547405,"約170種4,000点",,",,,…",あ
173,大内山動物園,オオウチヤマドウブツエン,おおうちやまどうぶつえん,1,4,24,三重県度会郡大紀町大内山530-4,http://www.oouchiyama-zoo.com/,34.27524185,136.3693662,約114種725点,,",,,…",あ
174,赤目四十八滝 日本サンショウウオセンター,アカメシジュウハチタキ ニホンサンショウウオセンター,あかめしじゅうはちたき にほんさんしょううおせんたー,2,4,24,三重県名張市赤目町861-1,https://www.akame48taki.com/,34.56347758,136.0856997,約9種50点,,",,,…",あ
175,伊勢夫婦岩ふれあい水族館 伊勢シーパラダイス,イセメオトイワフレアイスイゾクカン イセシーパラダイス,いせめおといわふれあいすいぞくかん いせしーぱらだいす,2,4,24,三重県伊勢市二見町江580,https://ise-seaparadise.com/,34.50739711,136.7915966,"約100種2,000点",,",,,…",あ
176,志摩マリンランド,シママリンランド,しままりんらんど,2,4,24,三重県志摩市阿児町神明723-1,https://www.kintetsu.co.jp/leisure/shimamarine/,34.31089356,136.8194121,"約450種7,000点",,",,,…",あ
177,鳥羽水族館,トバスイゾクカン,とばすいぞくかん,2,4,24,三重県鳥羽市鳥羽3-3-6,https://www.aquarium.co.jp/,34.48169524,136.8456752,"約1200種30,000点",,",,,…",あ
178,滋賀農業公園 ブルーメの丘,シガノウギョウコウエン ブルーメノオカ,しがのうぎょうこうえん ぶるーめのおか,1,4,25,滋賀県蒲生郡日野町西大路843,http://www.blumenooka.jp/,35.01420053,136.2794473,約10種,,",,,…",あ
179,成田ふれあい牧場,ナリタフレアイボクジョウ,なりたふれあいぼくじょう,1,4,25,滋賀県甲賀市甲南町新治696,https://narita-fureai.net/,34.90977357,136.1595675,約10種400頭,,",,,…",あ
180,滋賀県立 琵琶湖博物館,シガケンリツ ビワコハクブツカン,しがけんりつ びわこはくぶつかん,2,4,25,滋賀県草津市下物町1091,https://www.biwahaku.jp/,35.07400308,135.9349,"約170種17,000点",,",,,…",あ
181,嵐山モンキーパーク いわたやま,アラシヤマモンキーパーク イワタヤマ,あらしやまもんきーぱーく いわたやま,1,4,26,京都府京都市西京区嵐山中尾下町６１,http://www.monkeypark.jp/,35.01141167,135.6762019,約1種120頭,,ニホンザル,あ
182,京都市動物園,キョウトシドウブツエン,きょうとしどうぶつえん,1,4,26,京都府京都市左京区岡崎法勝寺町,http://www5.city.kyoto.jp/zoo/,35.01276858,135.7864224,約126種589点,,",,,…",あ
183,福知山市動物園,フクチヤマシドウブツエン,ふくちやましどうぶつえん,1,4,26,京都府福知山市猪崎377-1,http://www.sandanike-kouen.or.jp/zoo.php,35.3107323,135.1387433,約30種,,",,,…",あ
184,京都水族館,キョウトスイゾクカン,きょうとすいぞくかん,2,4,26,京都府京都市下京区観喜寺町35-1,https://www.kyoto-aquarium.com/,34.9875568,135.7472139,"約250種15,000点",,",,,…",あ
185,宮津エネルギー研究所 丹後魚っ知館,ミヤツエネルギーケンキュウジョ タンゴウオッチカン,みやつえねるぎーけんきゅうじょ たんごうおっちかん,2,4,26,京都府宮津市小田宿野1001,https://www.kepco.co.jp/corporate/profile/community/pr/miyazu/aquarium/,35.55623415,135.2553073,"約200種4,000点",,",,,…",あ
186,堺・緑のミュージアム ハーベストの丘,サカイ・ミドリノミュージアム ハーベストノオカ,さかい・みどりのみゅーじあむ はーべすとのおか,1,4,27,大阪府堺市南区鉢ヶ峯寺2405-1,https://farm.or.jp/,34.45443531,135.5114769,約30種100頭,,"牛,ヒツジ,ヤギ,ラマ…",動物ふれあい施設の他に、遊具やアクティビティ体験が豊富にある。家畜動物以外にも昆虫や両生類を展示するエリアもある。
187,五月山動物園,サツキヤマドウブツエン,さつきやまどうぶつえん,1,4,27,大阪府池田市綾羽2-5-33,http://www.satsukiyamazoo.com/,34.83058894,135.4251892,約13種80点,,"ヒツジ,ウォンバット,エミュー,ワラビー…","ふれあい広場ではケヅメリクガメ,カイウサギ,ウコッケイ,ニワトリ,モルモットにふれることができる。"
188,天王寺動物園,テンノウジドウブツエン,てんのうじどうぶつえん,1,4,27,大阪府天王寺区茶臼山町1-108,https://www.city.osaka.lg.jp/contents/wdu170/tennojizoo/,34.65085433,135.5073173,"約180種1,000点",,",,,…",あ
189,ひらかたパーク,ヒラカタパーク,ひらかたぱーく,1,4,27,大阪府枚方市枚方公園町1-1,http://www.hirakatapark.co.jp/,34.80601243,135.6392016,約14種30点,,",,,…",あ
190,ワールド牧場,ワールドボクジョウ,わーるどぼくじょう,1,4,27,大阪府南河内郡河南町白木1456-2,http://www.worldranch.co.jp/,34.4751263,135.6416379,"約140種5,000頭",,",,,…",あ
191,海遊館,カイユウカン,かいゆうかん,2,4,27,大阪府大阪市港区海岸通1-1-10,https://www.kaiyukan.com/,34.65552327,135.4293117,"約515種45,747点",,",,,…",あ
192,生きているミュージアム NIFREL,イキテイルミュージアム ニフレル,いきているみゅーじあむ にふれる,2,4,27,大阪府吹田市千里万博公園2-1,https://www.nifrel.jp/,34.80630969,135.5336423,"約150種2,000点",,",,,…",あ
193,淡路島 モンキーセンター,アワジシマ モンキーセンター,あわじしま もんきーせんたー,1,4,28,兵庫県洲本市畑田組289,https://monkey-center.jp/,34.24513367,134.883345,約60種850点,,",,,…",あ
194,淡路ファームパーク,アワジファームパーク,あわじふぁーむぱーく,1,4,28,兵庫県南あわじ市八木養宜上1401,http://www.england-hill.com/,34.30687395,134.8015386,約30種100頭,,",,,…",あ
195,神崎農村公園 ヨーデルの森,カンザキノウソンコウエン ヨーデルノモリ,かんざきのうそんこうえん よーでるのもり,1,4,28,兵庫県神崎郡神河町猪篠1868,https://yodel-forest.jp/,35.1370248,134.7912621,約60種200頭,,",,,…",あ
196,神戸市立 王子動物園,コウベシリツ オウジドウブツエン,こうべしりつ おうじどうぶつえん,1,4,28,兵庫県神戸市灘区王子町3-1,http://www.kobe-ojizoo.jp/,34.70949497,135.2152515,約130種800点,,",,,…",あ
197,神戸市立 六甲山牧場,コウベシリツ ロッコウサンボクジョウ,こうべしりつ ろっこうさんぼくじょう,1,4,28,兵庫県神戸市灘区六甲山町中一里山1-1,https://rokkosan.jp/,34.75151856,135.209,約5種250頭,,",,,…",あ
198,神戸どうぶつ王国,コウベドウブツオウコク,こうべどうぶつおうこく,1,4,28,兵庫県神戸市中央区港島南町7-1-9,https://www.kobe-oukoku.com/,34.65467005,135.2225409,約150種800点,,",,,…",あ
199,姫路市立動物園,ヒメジシリツドウブツエン,ひめじしりつどうぶつえん,1,4,28,兵庫県姫路市本町68,https://www.city.himeji.lg.jp/dobutuen/,34.83722085,134.6951393,約95種145点,,",,,…",あ
200,姫路セントラルパーク,ヒメジセントラルパーク,ひめじせんとらるぱーく,1,4,28,兵庫県姫路市豊富町神谷1434,https://www.central-park.co.jp/safari/,34.87108295,134.7643887,"約190種1,200点",,",,,…",あ
201,城崎マリンワールド,キノサキマリンワールド,きのさきまりんわーるど,2,4,28,兵庫県豊岡市瀬戸1090,http://marineworld.hiyoriyama.co.jp/,35.65557533,134.8246154,"約300種7,000点",,",,,…",あ
202,神戸市立 須磨海浜水族園,コウベシリツ スマカイヒンスイゾクエン,こうべしりつ すまかいひんすいぞくえん,2,4,28,兵庫県神戸市須磨区若宮町1-3-5,https://kobe-sumasui.jp/,34.64398862,135.1276695,"約600種13,000点",,",,,…",あ
203,姫路市立水族館,ヒメジシリツスイゾクカン,ひめじしりつすいぞくかん,2,4,28,兵庫県姫路市西延末440,https://www.city.himeji.lg.jp//aqua/,34.82268159,134.6763178,"約400種40,000点",,",,,…",あ
204,県営うだ・アニマルパーク,ケンエイウダ・アニマルパーク,けんえいうだ・あにまるぱーく,1,4,29,奈良県宇陀市大宇陀小附75-1,http://www.pref.nara.jp/,34.48913785,135.9330988,約6種50頭,,",,,…",あ
205,橿原市昆虫館,カシハラシコンチュウカン,かしはらしこんちゅうかん,1,4,29,奈良県橿原市南山町624,https://www.city.kashihara.nara.jp/,34.49133975,135.8270644,"約50種1,000点",,",,,…",あ
206,アドベンチャーワールド,アドベンチャーワールド,あどべんちゃーわーるど,1,4,30,和歌山県西牟婁郡白浜町堅田2399,https://www.aws-s.com/,33.66723527,135.3752309,"約140種1,400点",,",,,…",あ
207,和歌山城公園動物園,ワカヤマジョウコウエンドウブツエン,わかやまじょうこうえんどうぶつえん,1,4,30,和歌山県和歌山市一番丁3,http://wakayamajo.jp/animal/,34.22681663,135.1733546,約50種170点,,",,,…",あ
208,京都大学 白浜水族館,キョウトダイガク シラハマスイゾクカン,きょうとだいがく しらはますいぞくかん,2,4,30,和歌山県西婁郡白浜町459,http://www.seto.kyoto-u.ac.jp/aquarium/,33.69273952,135.3377004,"約553種6,600点",,",,,…",あ
209,串本海中公園,クシモトカイチュウコウエン,くしもとかいちゅうこうえん,2,4,30,和歌山県東牟婁郡串本町有田1157,http://www.kushimoto.co.jp/,33.4814095,135.7448612,"約80種1,300点",,",,,…",あ
210,すさみ町立 エビとカニの水族館,スサミチョウリツ エビトカニノスイゾクカン,すさみちょうりつ えびとかにのすいぞくかん,2,4,30,和歌山県西牟婁郡すさみ町江住808-1,https://ebikani-aquarium.com/,33.50586348,135.6001439,約150種,,",,,…",あ
211,太地町立 くじらの博物館,タイジチョウリツ クジラノハクブツカン,たいじちょうりつ くじらのはくぶつかん,2,4,30,和歌山県東牟婁郡太地町太地2934-2,http://www.kujirakan.jp/,33.60189799,135.9458009,約9種40点,,",,,…",あ
212,和歌山県立 自然博物館,ワカヤマケンリツ シゼンハクブツカン,わかやまけんりつ しぜんはくぶつかん,2,4,30,和歌山県海南市船尾370-1,https://www.shizenhaku.wakayama-c.ed.jp/,34.15860729,135.1921248,"約500種5,000点",,",,,…",あ
213,大山トム・ソーヤ牧場,ダイサントム・ソーヤボクジョウ,だいさんとむ・そーやぼくじょう,1,5,31,鳥取県米子市岡成622-2,http://tom.sanin.jp/ja/,35.42339251,133.4236567,約20種200頭,,",,,…",あ
214,とっとり賀露かにっこ館,トットリカロカニッコカン,とっとりかろかにっこかん,2,5,31,鳥取県鳥取市賀露町西3-27-2,https://www.kanikko.jp/,35.53450166,134.1787839,約160種,,",,,…",あ
215,松江フォーゲルパーク,マツエフォーゲルパーク,まつえふぉーげるぱーく,1,5,32,島根県松江市大垣町52,https://www.ichibata.co.jp/vogelpark/,35.47714056,132.9445169,約90種400点,,",,,…",あ
216,島根県立 しまね海洋館アクアス,シマネケンリツ シマネカイヨウカンアクアス,しまねけんりつ しまねかいようかんあくあす,2,5,32,島根県浜田市久代町1117-2,https://aquas.or.jp/,34.95947326,132.1446433,"約400種10,000点",,",,,…",あ
217,島根県立 穴道湖自然館ゴビウス,シマネケンリツ シンジコシゼンカンゴビウス,しまねけんりつ しんじこしぜんかんごびうす,2,5,32,島根県出雲市園町1659-5,https://www.gobius.jp/,35.44723009,132.8644434,"約200種10,000点",,",,,…",あ
218,池田動物園,イケダドウブツエン,いけだどうぶつえん,1,5,33,岡山県岡山市北区京山2-5-1,http://www.urban.ne.jp/home/ikedazoo/,34.67465999,133.906294,約92種250点,,",,,…",あ
219,渋川動物園,シブカワドウブツエン,しぶかわどうぶつえん,1,5,33,岡山県玉野市渋川3-1077-1,http://www.shibukawazoo.com/,34.47003676,133.8936417,約80種600点,,",,,…",あ
220,市立玉野海洋博物館,シリツタマノカイヨウハクブツカン,しりつたまのかいようはくぶつかん,2,5,33,岡山県玉野市渋川2-6-1,https://www.city.tamano.lg.jp/site/kaihaku/,34.45491388,133.90545,"約180種2,000点",,",,,…",あ
221,広島市 安佐動物公園,ヒロシマシ アサドウブツコウエン,ひろしまし あさどうぶつこうえん,1,5,34,広島県広島市安佐北区安佐町大字動物園,http://www.asazoo.jp/,34.49669194,132.4425301,"約160種1,700点",,",,,…",あ
222,福山市立動物園,フクヤマシリツドウブツエン,ふくやましりつどうぶつえん,1,5,34,広島県福山市芦田町福田276-1,http://www.fukuyamazoo.jp/,34.52369221,133.2792111,約61種405点,,",,,…",あ
223,マリホ水族館,マリホスイゾクカン,まりほすいぞくかん,2,5,34,広島県広島市西区観音新町4-14-35,http://mariho-aquarium.com/,34.35970957,132.4164489,"約150種5,000点",,",,,…",あ
224,みやじマリン 宮島水族館,ミヤジマリン ミヤジマスイゾクカン,みやじまりん みやじますいぞくかん,2,5,34,広島県廿日市市宮島町10-3,http://www.miyajima-aqua.jp/,34.29551249,132.3158063,"約350種13,000点",,",,,…",あ
225,秋吉台自然動物公園 サファリランド,アキヨシダイシゼンドウブツコウエン サファリランド,あきよしだいしぜんどうぶつこうえん さふぁりらんど,1,5,35,山口県美祢市美東町赤1212,http://www.safariland.jp/,34.28456086,131.3317412,約70種700点,,",,,…",あ
226,周南市 徳山動物園,シュウナンシ トクヤマドウブツエン,しゅうなんし とくやまどうぶつえん,1,5,35,山口県周南市大字徳山5846,http://www.city.shunan.lg.jp/site/zoo/,34.06200724,131.8151371,約111種566点,,",,,…",あ
227,ときわ動物園,トキワドウブツエン,ときわどうぶつえん,1,5,35,山口県宇部市則貞3-4-1,https://www.tokiwapark.jp/zoo/,33.94568549,131.2837667,約40種300点,,",,,…",あ
228,市立しものせき水族館 海響館,シリツシモノセキスイゾクカン カイキョウカン,しりつしものせきすいぞくかん かいきょうかん,2,5,35,山口県下関市あるかぽーと6-1,http://www.kaikyokan.com/,33.95463503,130.9423671,"約591種58,969点",,",,,…",あ
229,とくしま動物園 北島建設の森,トクシマドウブツエン キタジマケンセツノモリ,とくしまどうぶつえん きたじまけんせつのもり,1,5,36,徳島県徳島市渋野町入道22-1,http://www.city.tokushima.tokushima.jp/zoo/,34.01393269,134.5208274,約40種,,",,,…",あ
230,日和佐うみがめ博物館 カレッタ,ヒワサウミガメハクブツカン カレッタ,ひわさうみがめはくぶつかん かれった,2,5,36,徳島県海部郡美波町日和佐浦370-4,https://caretta.town.minami.lg.jp/,33.73466904,134.5407471,約10種,,",,,…",あ
231,小豆島銚子渓 おさるの国,ショウドシマチョウシケイ オサルノクニ,しょうどしまちょうしけい おさるのくに,1,5,37,香川県小豆郡土庄町肥土山蛙子3387-10,http://www.osaru-no-kuni.sakura.ne.jp/,34.51795584,134.2429636,約1種500頭,,",,,…",あ
232,しろとり動物園,シロトリドウブツエン,しろとりどうぶつえん,1,5,37,香川県東かがわ市松原2111,http://shirotorizoo.com/,34.24934408,134.3844401,約70種300点,,",,,…",あ
233,四国水族館,シコクスイゾクカン,しこくすいぞくかん,2,5,37,香川県綾歌郡宇多津町浜一番丁4,https://shikoku-aquarium.jp/,34.31267654,133.8079759,"約400種14,000点",,",,,…",あ
234,新屋島水族館,シンヤシマスイゾクカン,しんやしますいぞくかん,2,5,37,香川県高松市屋島東町1785-1,https://r.goope.jp/new-yashima-aq/,34.35848388,134.0998923,約150種,,",,,…",あ
235,愛媛県立 とべ動物園,エヒメケンリツ トベドウブツエン,えひめけんりつ とべどうぶつえん,1,5,38,愛媛県伊予郡砥部町上原町240,https://www.tobezoo.com/,33.76433099,132.7919886,約150種750点,,",,,…",あ
236,南レクこども動物園,ナンレクコドモドウブツエン,なんれくこどもどうぶつえん,1,5,38,愛媛県南宇和郡愛南町御荘平城5688,http://www.nanreku.jp/site/ainan/baseyama-zoo.html,32.95070162,132.5518951,約5種20点,,"リスザル,クジャク,フラミンゴ,ニワトリ…",馬瀬山公園にある小屋に動物を飼育している。全身が白い[シロクジャク]がいる。
237,虹の森公園 おさかな館,ニジノモリコウエン オサカナカン,にじのもりこうえん おさかなかん,2,5,38,愛媛県北宇和郡松野町延野々1510-1,https://morinokuni.or.jp/publics/,33.22937902,132.7103253,"約70種12,000点",,",,,…",あ
238,高知県立 のいち動物公園,コウチケンリツ ノイチドウブツコウエン,こうちけんりつ のいちどうぶつこうえん,1,5,39,高知県香南市野市町大谷738,http://www.noichizoo.or.jp/,33.57006161,133.7074089,"約110種1,400点",,",,,…",あ
239,龍河洞 珍鳥センター,リュウガドウ チンチョウセンター,りゅうがどう ちんちょうせんたー,1,5,39,高知県香美市土佐山田町逆川1424,http://ryugadou.or.jp/attraction/bird_center/,33.60363684,133.7448837,約5種20点,,"オナガドリ,土佐九斤,小軍鶏,宮地鶏…",高知の特殊鶏を集めた施設。神秘的な鍾乳洞[龍河洞]に併設されている。
240,わんぱーくこうち アニマルランド,ワンパークコウチ アニマルランド,わんぱーくこうち あにまるらんど,1,5,39,高知県高知市桟橋通6-9-1,https://www.city.kochi.kochi.jp/deeps/17/1712/animal/,33.54190444,133.5577163,約100種571点,,",,,…",あ
241,桂浜水族館,カツラハマスイゾクカン,かつらはますいぞくかん,2,5,39,高知県高知市浦戸778,https://katurahama-aq.jp/,33.49697124,133.5736156,"約220種4,000点",,",,,…",あ
242,高知県立 足摺海洋館 SATOUMI,コウチケンリツ アシズリカイヨウカン サトウミ,こうちけんりつ あしずりかいようかん さとうみ,2,5,39,高知県土佐清水市三崎字今芝4032,https://kaiyoukan.jp/index.html,32.7913775,132.8628749,"約350種15,000点",,",,,…",あ
243,室戸市 むろと廃校水族館,ムロトシ ムロトハイコウスイゾクカン,むろとし むろとはいこうすいぞくかん,2,5,39,高知県室戸市室戸岬町533ｰ2,https://www.city.muroto.kochi.jp/pages/page0343.php,33.32591598,134.1955015,"約50種1,000点",,",,,…",あ
244,室戸ドルフィンセンター,ムロトドルフィンセンター,むろとどるふぃんせんたー,2,5,39,高知県室戸市室戸岬町 字鯨浜6810-162,https://muroto.j-dc.net/,33.26829823,134.1596096,約2種5点,,"バンドウイルカ,ハナゴンドウ",あ
245,到津の森公園,イトウヅノモリコウエン,いとうづのもりこうえん,1,6,40,福岡県北九州市小倉北区上到津4-1-8,https://www.itozu-zoo.jp/,33.87459164,130.8461926,約100種500点,,",,,…",あ
246,大牟田市 動物園,オオムタシ ドウブツエン,おおむたし どうぶつえん,1,6,40,福岡県大牟田市昭和町163,https://omutacityzoo.org/,33.02033328,130.444033,約55種271点,,",,,…",あ
247,久留米市 鳥類センター,クルメシ チョウルイセンター,くるめし ちょうるいせんたー,1,6,40,福岡県久留米市東櫛原町1667,http://kurumekoen.org/birdc/,33.32043025,130.5281642,約75種350点,,",,,…",あ
248,国営海の中道海浜公園 動物の森,コクエイウミノナカミチカイヒンコウエン ドウブツノモリ,こくえいうみのなかみちかいひんこうえん どうぶつのもり,1,6,40,福岡県福岡市東区大字西戸崎18-25,https://uminaka-park.jp/animal/,33.65969,130.3497045,約50種500点,,",,,…",あ
249,北九州市 響灘緑地 GREEN PARK,キタキュウシュウシ ヒビキナダリョクチ グリーンパーク,きたきゅうしゅうし ひびきなだりょくち ぐりーんぱーく,1,6,40,福岡県北九州市若松区竹並1006,https://hibikinadagp.org/,33.91845449,130.7282703,約4種275点,,",,,…",あ
250,福岡市 動植物園,フクオカシ ドウショクブツエン,ふくおかし どうしょくぶつえん,1,6,40,福岡県福岡市中央区南公園1-1,https://zoo.city.fukuoka.lg.jp/,33.57283265,130.3910085,"約110種2,600点",,",,,…",あ
251,マリンワールド海の中道 海洋生態科学館,マリンワールドウミノナカミチ カイヨウセイタイカガクカン,まりんわーるどうみのなかみち かいようせいたいかがくかん,2,6,40,福岡県福岡市東区大字西戸崎18-28,https://marine-world.jp/,33.66098163,130.3634768,"約350種20,000点",,",,,…",あ
252,玄海海中展望塔,ゲンカイカイチュウテンボウトウ,げんかいかいちゅうてんぼうとう,2,6,41,佐賀県唐津市鎮西町波戸1628-1,https://hadomisaki.jp/,33.55597801,129.8522838,約30種,,",,,…",あ
253,西海国立公園 九十九島動植物園 森きらら,サイカイコクリツコウエン クジュウクシマドウショクブツエン モリキララ,さいかいこくりつこうえん くじゅうくしまどうしょくぶつえん もりきらら,1,6,42,長崎県佐世保市船越町2172,https://morikirara.jp/,33.15131721,129.6896225,約64種230点,,",,,…",あ
254,長崎バイオパーク,ナガサキバイオパーク,ながさきばいおぱーく,1,6,42,長崎県西海市西彼町中山郷2291-1,http://www.biopark.co.jp/,32.98813086,129.7833027,"約200種2,000点",,",,,…",あ
255,諫早ゆうゆうランド 干拓の里 むつごろう水族館,イサハヤユウユウランド カンタクノサト ムツゴロウスイゾクカン,いさはやゆうゆうらんど かんたくのさと むつごろうすいぞくかん,2,6,42,長崎県諫早市小野島町2232,http://www.kantakunosato.co.jp/learning/aquarium/,32.84705495,130.0888579,約100種500点,,",,,…",あ
256,西海国立公園 九十九島水族館 海きらら,サイカイコクリツコウエン クジュウクシマスイゾクカン ウミキララ,さいかいこくりつこうえん くじゅうくしますいぞくかん うみきらら,2,6,42,長崎県佐世保市鹿子前町1008,https://umikirara.jp/,33.16145989,129.6790776,"約120種13,000点",,",,,…",あ
257,長崎ペンギン水族館,ナガサキペンギンスイゾクカン,ながさきぺんぎんすいぞくかん,2,6,42,長崎県長崎市宿町3-16,https://penguin-aqua.jp/,32.75816779,129.9467221,約9種180点,,",,,…",あ
258,阿蘇カドリー・ドミニオン,アソカドリー・ドミニオン,あそかどりー・どみにおん,1,6,43,熊本県阿蘇市黒川2163,https://www.cuddly.co.jp/,32.93107558,131.0669116,約80種600点,,",,,…",あ
259,阿蘇ファームランド ふれあい動物王国,アソファームランド フレアイドウブツオウコク,あそふぁーむらんど ふれあいどうぶつおうこく,1,6,43,熊本県阿蘇郡南阿蘇村河陽5779,https://asofarmland.co.jp/experience/fureai,32.8957408,131.0047958,約35種,,",,,…",あ
260,熊本市動植物園,クマモトシドウショクブツエン,くまもとしどうしょくぶつえん,1,6,43,熊本県熊本市東区健軍5-14-2,http://ezooko.jp/,32.77457865,130.747677,約120種700点,,",,,…",あ
261,らくのうマザーズ 阿蘇ミルク牧場,ラクノウマザーズ アソミルクボクジョウ,らくのうまざーず あそみるくぼくじょう,1,6,43,熊本県阿蘇郡西原村河原3944-1,http://aso-milk.jp/,32.79820593,130.9089074,約5種,,",,,…",あ
262,天草パール・センター 海中水族館シードーナツ,アマクサパール・センター カイチュウスイゾクカンシードーナツ,あまくさぱーる・せんたー かいちゅうすいぞくかんしーどーなつ,2,6,43,熊本県上天草市松島町合津6225-7,http://www.amakusapearl.com/,32.52986348,130.4283779,約1種5点,,",,,…",あ
263,九州自然動物公園 アフリカンサファリ,キュウシュウシゼンドウブツコウエン アフリカンサファリ,きゅうしゅうしぜんどうぶつこうえん あふりかんさふぁり,1,6,44,大分県宇佐市安心院町南畑2-1755-1,http://www.africansafari.co.jp/,33.35427711,131.4118092,"約70種1,400点",,",,,…",あ
264,くじゅう自然動物園,クジュウシゼンドウブツエン,くじゅうしぜんどうぶつえん,1,6,44,大分県玖珠郡九重町田野1685-3,http://www16.plala.or.jp/kuju-zoo/top.htm,33.14187423,131.2393914,約20種400点,,",,,…",あ
265,高崎山自然動物園,タカサキヤマシゼンドウブツエン,たかさきやましぜんどうぶつえん,1,6,44,大分県大分市神崎3098-1,https://www.takasakiyama.jp/,33.25836816,131.5327838,約1種300点,,ニホンザル,あ
266,別府ラクテンチ,ベップラクテンチ,べっぷらくてんち,1,6,44,大分県別府市流川通り18丁目,https://rakutenchi.jp/,33.27457367,131.4815787,約20種100点,,",,,…",あ
267,うみたま体験パーク つくみイルカ島,ウミタマタイケンパーク ツクミイルカジマ,うみたまたいけんぱーく つくみいるかじま,2,6,44,大分県津久見市四浦2218-10,http://www.tsukumi-irukajima.jp/,33.07015649,131.9548725,約4種,,",,,…",あ
268,大分マリーンパレス水族館 うみたまご,オオイタマリーンパレススイゾクカン ウミタマゴ,おおいたまりーんぱれすすいぞくかん うみたまご,2,6,44,大分県大分市大字神崎字ウト3078-22,https://www.umitamago.jp/,33.25875643,131.5355653,"約100種2,000点",,",,,…",あ
269,高千穂牧場,タカチホボクジョウ,たかちほぼくじょう,1,6,45,宮崎県都城市吉之元町5265-103,https://www.takachiho-bokujou.co.jp/,31.84169411,130.8765564,約3種90頭,,",,,…",あ
270,宮崎市 フェニックス自然動物園,ミヤザキシ フェニックスシゼンドウブツエン,みやざきし ふぇにっくすしぜんどうぶつえん,1,6,45,宮崎県宮崎市大字塩路字浜山3083-42,http://www.miyazaki-city-zoo.jp/,31.98294865,131.476122,"約110種1,200点",,",,,…",あ
271,出の山 淡水魚水族館,イデノヤマ タンスイギョスイゾクカン,いでのやま たんすいぎょすいぞくかん,2,6,45,宮崎県小林市南西方1091,https://idenoyama-aquarium.weebly.com/,31.98006476,130.9433457,"約130種1,500点",,",,,…",あ
272,志布志湾大黒 イルカランド,シブシワンダイコク イルカランド,しぶしわんだいこく いるからんど,2,6,45,宮崎県串間市大字高松1481-3,http://www.irukaland.com/,31.4607847,131.1609737,約50種500点,,",,,…",あ
273,鹿児島市 平川動物公園,カゴシマシ ヒラカワドウブツコウエン,かごしまし ひらかわどうぶつこうえん,1,6,46,鹿児島県鹿児島市平川町5669-1,https://hirakawazoo.jp/,31.46423393,130.5016148,"約140種1,000点",,",,,…",あ
274,長崎鼻パーキングガーデン,ナガサキバナ パーキングガーデン,ながさきばな ぱーきんぐがーでん,1,6,46,鹿児島県指宿市山川岡児ケ水1571-1,http://nagasakibana.com/,31.16112992,130.5877084,約95種,,",,,…",あ
275,奄美海洋展示館,アマミカイヨウテンジカン,あまみかいようてんじかん,2,6,46,鹿児島県奄美市名瀬小宿大浜701-1,https://www.ohama.marutani-amami.com/ocean-exhibition-hall/,28.40264647,129.4552972,約130種,,",,,…",あ
276,いおワールド かごしま水族館,イオワールド カゴシマスイゾクカン,いおわーるど かごしますいぞくかん,2,6,46,鹿児島県鹿児島市本港新町3-1,http://ioworld.jp/,31.59606498,130.5647119,"約500種30,000点",,",,,…",あ
277,沖縄こどもの国,オキナワコドモノクニ,おきなわこどものくに,1,6,47,沖縄県沖縄市胡屋5-7-1,https://www.okzm.jp/,26.32707647,127.8042526,"約160種1,000点",,",,,…",あ
278,ネオパークオキナワ,ネオパークオキナワ,ねおぱーくおきなわ,1,6,47,沖縄県名護市名護4607-41,https://www.neopark.co.jp/,26.61068984,127.9915252,約100種,,",,,…",あ
279,ハブ博物公園,ハブハクブツコウエン,はぶはくぶつこうえん,1,6,47,沖縄県南城市玉城字前川1336,http://www.habu-park.com/,26.14011322,127.748766,約30種70点,,",,,…",あ
280,DMMかりゆし水族館,ディーエムエム カリユシスイゾクカン,でぃーえむえむ かりゆしすいぞくかん,2,6,47,沖縄県豊見城市豊崎3-35,https://kariyushi-aquarium.com/,26.15778303,127.65102,約190種,,",,,…",あ
281,めんそーれ 沖縄美ら海水族館,メンソーレ オキナワチュラウミスイゾクカン,めんそーれ おきなわちゅらうみすいぞくかん,2,6,47,沖縄県国頭郡本部町字石川424,https://churaumi.okinawa/,26.69420379,127.8779058,"約751種20,605点",,",,,…",あ